"length","type","comblength","height","probability"
5,"Single",1,12,0.05359388940874372
5,"Single",1,7,0.03767327486779971
5,"Single",1,4,0.037908297608426
5,"Trio",3,7,0.0033947729201575525
5,"Pair",2,7,0.014162296259221378
8,"Single",1,12,0.05138096535625323
8,"Single",1,9,0.05207182350076273
8,"Pair",2,3,0.011950558586701625
8,"Single",1,2,0.049458577475878965
8,"Single",1,3,0.04908096557080545
8,"Pair",2,12,0.012838804772499554
8,"Single",1,4,0.04945714712775369
8,"Single",1,0,0.01622229326284578
5,"Single",1,1.5,0.019868126128870803
5,"Single",1,6,0.03703784301351381
5,"Pair",2,6,0.01276521663438731
5,"Single",1,15,0.02007703523164973
5,"Single",1,11,0.05076491197527909
8,"Pair",2,14,0.012151522498303249
8,"Single",1,14,0.05297651869000137
8,"Single",1,15,0.016559140246348858
8,"Single",1,11,0.05199887574637353
8,"Single",1,5,0.050002109763484785
11,"Straight",5,9,0.01097412949744556
11,"Single",1,9,0.036311324685677014
11,"Straight",7,8,0.0037705170477191205
11,"StraightBomb",5,6,0.00030571759846371245
11,"Straight",5,6,0.0083687361860937
11,"Straight",6,7,0.0058403384180586255
11,"Single",1,14,0.03280576288995978
11,"Straight",6,10,0.007316841189898185
11,"Straight",7,10,0.004549530780100728
11,"Single",1,6,0.03691483387079242
11,"Straight",5,8,0.010620855828109715
11,"Single",1,3,0.03320772491756948
11,"Straight",6,8,0.006779004674082394
11,"Straight",9,10,0.0011968277836153483
11,"Single",1,8,0.037094867567665495
11,"Straight",5,10,0.010932234863582014
11,"Straight",7,9,0.0044193177289032215
11,"Straight",5,7,0.009874678430377912
11,"Single",1,10,0.03598635820138411
11,"Straight",8,10,0.002549911228667705
11,"Single",1,5,0.03524697452806261
11,"Straight",6,9,0.007295327729265553
11,"Single",1,7,0.03715940794956339
11,"Single",1,2,0.03282840863799413
11,"Pair",2,6,0.012802773651219247
11,"Straight",8,9,0.0023121308743070403
11,"Single",1,4,0.03427433964998732
9,"Single",1,13,0.03881432990512341
9,"Single",1,8,0.04276582218655418
9,"Single",1,9,0.041924369327375206
9,"Straight",5,10,0.008470131203629739
9,"Single",1,15,0.013292731070554155
9,"Single",1,10,0.04193178300895387
9,"Pair",2,13,0.016306392632283246
9,"Pair",2,10,0.015876399100720424
9,"Single",1,6,0.04000051895771051
9,"Single",1,7,0.04225242473723132
12,"Pair",2,4,0.013052988562264204
12,"Single",1,9,0.03394864583764144
12,"FullHouse",5,5,0.003160044053740662
12,"PairSteps",2,5,0.00450876862442348
12,"Single",1,14,0.03207069430594679
12,"Single",1,10,0.033761769747211796
12,"Single",1,11,0.03261830252175498
12,"Single",1,5,0.03314293416906772
12,"Pair",2,5,0.012415771729323769
12,"Single",1,2,0.03139748084903016
12,"Pair",2,11,0.013184720888304774
12,"Single",1,3,0.031561380370964356
12,"Trio",3,5,0.003312455291427136
12,"Single",1,4,0.032299694105284764
6,"Pair",2,4,0.012904377749281737
6,"Single",1,13,0.054412647913386465
6,"Single",1,3,0.03719057899264694
6,"Single",1,14,0.056142970766309024
6,"Single",1,4,0.03679127371889558
6,"PairSteps",2,4,0.002188063044783872
6,"Pair",2,3,0.013595857613582871
14,"Single",1,1,0.01163620733485449
14,"Single",1,12,0.03140669346169463
14,"Single",1,9,0.031913883584973685
14,"PairSteps",2,12,0.004999918295228917
14,"Single",1,11,0.031741165904330126
14,"Single",1,3,0.031060017015277136
14,"Straight",5,12,0.01043876703156638
14,"Pair",2,12,0.012401750012772834
14,"Single",1,13,0.031021957071279034
14,"Single",1,8,0.03200220747675189
14,"Trio",3,12,0.0025384327866560183
14,"Single",1,10,0.0318996111059744
14,"FullHouse",5,12,0.0025067851158315094
14,"Single",1,5,0.031934568337146564
14,"Straight",6,13,0.006989998301781847
14,"Single",1,2,0.030975209531368324
14,"Pair",2,11,0.012225102229216427
14,"Straight",5,5,0.0035883908069514834
14,"Single",1,4,0.03161292044085826
14,"Straight",5,13,0.010039344467108038
12,"Straight",5,9,0.011453053509364484
12,"StraightBomb",5,9,0.00028031413564446976
12,"Pair",2,13,0.014544933743235315
12,"Single",1,6,0.03436988292672466
12,"StraightBomb",6,9,7.812033288452437e-05
12,"Straight",5,8,0.011062451844941862
12,"Straight",6,8,0.007357097232242559
12,"FullHouse",5,7,0.003189913592784745
12,"Trio",3,7,0.0033040305496454714
12,"Single",1,13,0.03188228644428412
12,"Single",1,8,0.03441124075001647
12,"Straight",7,9,0.005039527356668337
12,"Straight",5,7,0.010325669881854484
12,"Pair",2,3,0.013744583273977198
12,"StraightBomb",5,8,0.00026499642331417086
12,"Straight",6,9,0.007883260650788326
12,"Single",1,7,0.03453301656304234
12,"Pair",2,7,0.012323865455341976
1,"Single",1,10,0.05943868238527776
1,"Single",1,14,0.08336017522386137
2,"Single",1,15,0.05032802027331076
2,"Single",1,6,0.03481514814200791
3,"Single",1,10,0.04870829304700355
3,"Pair",2,10,0.016911777178430273
3,"Single",1,2,0.049980492935049955
9,"Pair",2,4,0.013620786480410273
9,"PairSteps",2,5,0.00333615671040121
9,"PairSteps",3,6,0.0005930945262935484
9,"Single",1,5,0.03797658388673377
9,"PairSteps",2,6,0.003249045951851845
9,"Pair",2,5,0.013424323918575535
9,"Pair",2,6,0.013826516144218348
9,"Single",1,4,0.036065707459831745
14,"Pair",2,9,0.012005016466096967
14,"Straight",5,6,0.010549223608169567
14,"Straight",6,7,0.007424171249890629
14,"Single",1,6,0.03208929028339972
14,"SquareBomb",4,9,0.0001747861558608487
14,"Pair",2,2,0.012201314764217612
14,"Straight",5,7,0.01089776168228262
14,"Single",1,15,0.01163641418237622
14,"Straight",6,6,0.002536571158960459
14,"Trio",3,9,0.002450108894877814
14,"Single",1,7,0.03201668680327291
14,"Pair",2,6,0.011813268813454356
14,"FullHouse",5,9,0.0024184612240533056
14,"Straight",7,7,0.0017158001927405208
11,"Single",1,12,0.03283407007500272
11,"SquareBomb",4,13,0.00035440595673756295
11,"Single",1,13,0.033155639697090476
11,"PairSteps",2,13,0.004011694264284938
11,"FullHouse",5,13,0.0032496648429290917
11,"Pair",2,3,0.014483088155367948
11,"Trio",3,13,0.003522546106742998
11,"Pair",2,13,0.015017527808978587
11,"Pair",2,12,0.013616888293054095
11,"Single",1,0,0.0128322131236639
12,"Straight",6,12,0.006939689571241914
12,"Single",1,1.5,0.012307015971778646
12,"Single",1,12,0.03191062421209517
12,"PairSteps",2,7,0.004359420929203065
12,"Straight",6,10,0.007989718751483903
12,"Straight",5,11,0.01067031840928621
12,"Straight",7,14,0.0033760237975978763
12,"Straight",8,13,0.002739572850273957
12,"Straight",5,12,0.009653222310554363
12,"PairSteps",3,8,0.0010308820398291156
12,"Pair",2,8,0.012379009219731051
12,"Straight",8,12,0.003072733093457958
12,"Straight",5,13,0.008540390509758149
12,"Straight",7,12,0.004766106191572501
12,"Straight",6,14,0.004989744791594865
12,"Straight",5,14,0.006636398867101996
12,"PairSteps",2,9,0.004409203494276537
12,"Straight",9,13,0.0016389952193419817
12,"Straight",10,14,0.0007444408192525262
12,"Straight",7,11,0.005166664369009817
12,"PairSteps",2,8,0.004470474343597732
12,"Straight",6,11,0.007646601995285208
12,"Straight",5,10,0.011416290999771766
12,"Straight",7,13,0.004190926093569777
12,"Straight",6,13,0.006097215393075475
12,"Straight",8,14,0.002215707088577735
12,"Straight",9,14,0.001371701139178266
12,"Pair",2,6,0.01203359480668281
7,"Pair",2,9,0.01605976443964409
7,"SquareBomb",4,9,0.0003677416036619863
7,"Single",1,9,0.044949339093761254
7,"Single",1,6,0.03933806511340843
7,"Single",1,2,0.03757650568327933
7,"Single",1,15,0.0175461605719282
7,"Trio",3,9,0.003391966260350769
12,"Pair",2,12,0.013494138677376812
12,"PairSteps",2,13,0.004612163182652997
12,"PairSteps",3,6,0.0009611864487262556
12,"PairSteps",2,6,0.004180969580555083
8,"Single",1,13,0.05217552373984542
8,"Single",1,8,0.0520675324563869
8,"Straight",5,10,0.0036223566272677275
8,"Single",1,10,0.052321419248623824
8,"Pair",2,13,0.01323644155132697
8,"Single",1,6,0.05087676764209257
8,"Single",1,7,0.051454628284705074
13,"Straight",6,12,0.007562363025824622
13,"Single",1,12,0.0320343109461314
13,"Single",1,9,0.03267651299330953
13,"Pair",2,14,0.012769985211996102
13,"Straight",7,12,0.0052475428539690405
13,"Single",1,14,0.0322668922280824
13,"Straight",5,11,0.011090424362484292
13,"Single",1,11,0.032421367855646865
13,"Single",1,6,0.03225879238244231
13,"Straight",5,12,0.010484093060283679
13,"Single",1,8,0.03268692708056106
13,"Straight",6,11,0.008003804613209228
13,"Straight",5,10,0.011478638392805485
13,"Single",1,15,0.012334907789042992
13,"Single",1,10,0.03268403427854675
13,"Pair",2,10,0.012723121819364185
13,"Single",1,7,0.03254228697984527
13,"Single",1,4,0.03030210109995904
13,"Pair",2,7,0.011939172473484578
6,"Single",1,12,0.05089681367377084
6,"Pair",2,8,0.015095687178405051
6,"Single",1,8,0.04154722677617803
6,"Pair",2,10,0.01916340675572581
6,"Pair",2,12,0.020559352021685847
6,"Single",1,10,0.049523593098186894
13,"Single",1,1.5,0.012002814117799526
13,"PairSteps",2,11,0.004717581524946368
13,"PairSteps",2,12,0.004965205377371809
13,"Straight",5,14,0.008282092166986417
13,"PairSteps",3,12,0.0011519137621005908
13,"Single",1,3,0.02962402830780339
13,"Pair",2,12,0.013604269312924808
13,"Single",1,13,0.03148525712381424
13,"PairSteps",2,13,0.005349948045275823
13,"Straight",7,13,0.004767916279995464
13,"Pair",2,3,0.012879333128137244
13,"Single",1,5,0.031044394096832496
13,"Straight",6,13,0.006902225606157734
13,"Single",1,2,0.029251435408359505
13,"PairSteps",2,3,0.00555880835070943
13,"Straight",5,13,0.009625509422434722
14,"Straight",5,9,0.011103161271359333
14,"Straight",6,10,0.007772088781438496
14,"Straight",7,10,0.005279162449562817
14,"PairSteps",2,9,0.005085346321702918
14,"Straight",5,8,0.011120122768141097
14,"Pair",2,5,0.01187015188192978
14,"Single",1,0,0.011636000487332761
14,"Straight",5,10,0.011019181177537436
14,"PairSteps",2,6,0.0049986772100985444
14,"Pair",2,8,0.01191379670901456
14,"Straight",6,9,0.007830419782566022
4,"Pair",2,12,0.023637583625093838
4,"Single",1,10,0.04902240853557264
4,"Pair",2,10,0.019392385216877157
4,"Single",1,12,0.06261501564544954
14,"Pair",2,14,0.01240257740285975
14,"Single",1,14,0.031671665137029244
14,"Trio",3,5,0.002513817931570289
14,"Pair",2,4,0.012061485839528934
14,"FullHouse",5,5,0.002475964835093916
14,"PairSteps",2,5,0.0051426430852218
14,"Pair",2,10,0.012106785446787545
8,"Pair",2,10,0.012975403018463649
12,"Pair",2,14,0.01183676220323847
12,"FullHouse",5,2,0.003978009892178623
12,"Trio",3,2,0.004227688603162495
12,"Pair",2,2,0.013386148805448203
5,"Pair",2,9,0.01691728505211847
5,"SquareBomb",4,9,0.0006049659434639741
5,"Single",1,9,0.04145104780971862
5,"Single",1,2,0.04347485474288947
5,"Trio",3,9,0.0036123865688856005
14,"PairSteps",2,11,0.004932279155623594
14,"PairSteps",3,12,0.0011926828102883475
9,"FullHouse",5,5,0.0029061631788383875
9,"Single",1,14,0.04045090011361467
9,"Single",1,3,0.03478684738751128
9,"Trio",3,5,0.0032675801557985186
9,"Single",1,0,0.013956255571845062
14,"SquareBomb",4,13,0.00021553511764142526
14,"FullHouse",5,13,0.0025847666315232725
14,"Pair",2,3,0.012333697178124055
14,"Trio",3,13,0.0026222060329561883
14,"Pair",2,13,0.012684510574976125
13,"Pair",2,4,0.012264901980296547
13,"Pair",2,9,0.012391606708523583
13,"PairSteps",2,4,0.005024218538463853
13,"Pair",2,11,0.013158199242317297
9,"PairSteps",2,8,0.003901449930774748
9,"Pair",2,3,0.01405448685276243
9,"Pair",2,8,0.014825509736944043
9,"Pair",2,7,0.014490040645509255
13,"PairSteps",2,7,0.00454517052489314
13,"Straight",6,10,0.008117781012573275
13,"Straight",7,14,0.004445658135600673
13,"Straight",8,13,0.003171089568093088
13,"PairSteps",3,8,0.0011305070271946532
13,"Pair",2,8,0.012110426352732078
13,"PairSteps",2,14,0.005656585058793308
13,"Straight",8,12,0.003447641440661688
13,"Straight",5,9,0.011355983587398491
13,"Straight",6,14,0.00636647867310643
13,"PairSteps",2,9,0.004833293605519004
13,"Straight",9,13,0.0019723124133605796
13,"Straight",10,14,0.0011241428627631583
13,"Straight",7,11,0.005498059508408797
13,"PairSteps",2,8,0.004754030830326748
13,"Straight",8,14,0.002990578722399776
13,"Straight",9,14,0.0019115635710599459
13,"Pair",2,6,0.011605921681435385
8,"Pair",2,11,0.012941074663456965
10,"Single",1,9,0.03897927727350574
10,"FullHouse",5,5,0.0032555387753195595
10,"Single",1,14,0.03515390244282178
10,"Single",1,10,0.03854800790919989
10,"Single",1,11,0.03586074826013172
10,"Single",1,5,0.03717635336063149
10,"Pair",2,5,0.013808404303352069
10,"Single",1,2,0.03304114963645705
10,"Pair",2,11,0.014130688629746688
10,"Single",1,3,0.034015787261206
10,"Trio",3,5,0.0035933923928443538
10,"Straight",6,12,0.0054149994550748105
10,"Single",1,1.5,0.01202416353983403
10,"Single",1,12,0.03426178206106276
10,"Straight",5,9,0.010513942300207071
10,"Straight",7,12,0.0032321848386242975
10,"Straight",6,14,0.003190147752572825
10,"Straight",5,14,0.00444970340500397
10,"Straight",6,10,0.006606050226533186
10,"Straight",5,11,0.009486369085615532
10,"Straight",9,13,0.0006134300705288888
10,"Straight",7,14,0.001995983122888415
10,"Single",1,6,0.03900885892665307
10,"Straight",8,13,0.0014759687991405751
10,"Straight",5,12,0.008220585716732317
10,"Straight",7,11,0.0035077612916283923
10,"Single",1,13,0.03481760575441
10,"Single",1,8,0.03995391489825468
10,"Straight",6,11,0.006121845272384748
10,"Straight",5,10,0.010507714583755002
10,"Straight",7,13,0.00273552445157172
10,"Straight",6,13,0.004459044979682075
10,"Straight",8,14,0.0011194320322595712
10,"Single",1,7,0.039704806240171885
10,"Straight",9,14,0.0004888757414874901
10,"Straight",8,12,0.0016067508446340438
10,"Straight",5,13,0.006620062588550343
3,"Single",1,14,0.11448102725900293
2,"Single",1,10,0.04901357080264311
2,"Pair",2,10,0.014304999644743386
14,"FullHouse",5,6,0.0024074983054016784
14,"Trio",3,6,0.0024389391287044583
14,"PairSteps",2,13,0.00519663028839302
14,"FullHouse",5,4,0.0025897309720447643
14,"Trio",3,4,0.0026306867813470696
14,"Pair",2,7,0.01184243431401812
14,"Straight",6,12,0.007323850201852154
14,"Single",1,1.5,0.011635793639811032
14,"PairSteps",4,13,0.00022629118877132365
14,"Straight",5,11,0.010782133917636213
14,"Straight",7,14,0.004601116273335762
14,"Straight",8,13,0.00304955301284792
14,"PairSteps",2,10,0.005035702916488002
14,"PairSteps",3,13,0.0012183319029827205
14,"Straight",8,12,0.0032737757264019555
14,"Straight",7,12,0.00496806377688268
14,"Straight",6,14,0.0068205901814859474
14,"Straight",5,14,0.009034479206549454
14,"Straight",9,13,0.0019118916433394375
14,"Straight",7,11,0.005207800054566376
14,"PairSteps",3,11,0.0011939238954187205
14,"Straight",6,11,0.007590062962317139
14,"Straight",7,13,0.004712193392504135
14,"Straight",8,14,0.0030079766609804283
14,"Straight",9,14,0.0018750727844717083
11,"Straight",6,12,0.006055473024384942
11,"Single",1,1.5,0.011634253052646835
11,"PairSteps",2,7,0.004120393854849813
11,"Straight",5,11,0.009989039457951375
11,"Straight",7,14,0.0025827475633175114
11,"Straight",8,13,0.002069821370339505
11,"Straight",5,12,0.008765036776694808
11,"PairSteps",3,8,0.0009511214174426609
11,"Pair",2,8,0.013296450958368056
11,"Straight",8,12,0.0023008080002898655
11,"Straight",5,13,0.007433466792275082
11,"Straight",7,12,0.003940360157976738
11,"Straight",6,14,0.0038033533823689262
11,"Straight",5,14,0.005222109496720895
11,"Single",1,11,0.03391766911844632
11,"PairSteps",2,9,0.004274384941483387
11,"Straight",9,13,0.0011153030906916918
11,"Straight",7,11,0.004347983622595021
11,"PairSteps",2,8,0.004374026232834523
11,"Straight",6,11,0.006879778252835248
11,"Straight",7,13,0.003395729917750643
11,"Straight",6,13,0.005216448059712308
11,"Straight",8,14,0.0016112449726439363
11,"Straight",9,14,0.0008990361969636581
8,"Single",1,1.5,0.016157212423145606
8,"PairSteps",2,11,0.0021741291504232757
8,"Trio",3,10,0.0017393033203386206
8,"FullHouse",5,10,0.0012308145618021241
8,"Pair",2,6,0.011764613330415423
10,"Pair",2,10,0.014887356178673185
10,"Pair",2,7,0.013607560447772813
14,"PairSteps",2,7,0.004997849820011629
14,"PairSteps",3,8,0.0011978539983315678
14,"PairSteps",2,14,0.005504833095768955
14,"Straight",10,14,0.0011254573657264826
14,"PairSteps",2,8,0.005066730044747324
2,"Single",1,9,0.03963479620112261
2,"Pair",2,9,0.011249792766975346
8,"Pair",2,7,0.012210166771439667
14,"FullHouse",5,2,0.0029852234335902587
14,"Trio",3,2,0.003035280533848632
9,"Straight",6,12,0.004359244768257581
9,"Single",1,12,0.03793766205844576
9,"Straight",6,11,0.004514932081409637
9,"Straight",7,12,0.002055443217686079
9,"Straight",5,11,0.008247720756269658
9,"Single",1,11,0.03933514103602493
9,"Straight",5,12,0.007408121317485353
3,"Single",1,7,0.03257679846657507
3,"Single",1,13,0.08633996573541634
3,"Pair",2,7,0.00931250318049972
12,"Trio",3,11,0.002994612760573434
12,"StraightBomb",5,14,0.00020295968837646036
12,"Pair",2,9,0.012477042578644964
12,"FullHouse",5,11,0.0028850911174117966
11,"Trio",3,2,0.004471402949382224
11,"Pair",2,2,0.014272482698648501
11,"Single",1,15,0.010742010580093482
11,"SquareBomb",4,2,0.0004902804449436574
11,"FullHouse",5,2,0.004083028370593138
11,"Pair",2,14,0.011285508532917859
14,"Trio",3,11,0.002401086032228085
14,"FullHouse",5,11,0.002372127379186051
14,"SquareBomb",4,11,0.0001762340885129504
2,"Pair",2,8,0.011001113137389574
2,"Single",1,8,0.03779930369703716
14,"Trio",3,10,0.0023609576130126948
14,"FullHouse",5,10,0.0023336537401444915
13,"FullHouse",5,14,0.0023530051584445518
13,"Trio",3,14,0.0024640887557942823
13,"SquareBomb",4,14,0.0001596826711902376
13,"Pair",2,5,0.011784118285517245
8,"Pair",2,5,0.011656622046956899
8,"Trio",3,5,0.0016170085556273114
14,"PairSteps",3,10,0.0012619767300675005
10,"Pair",2,9,0.014116676267729531
10,"Single",1,15,0.011466782917373772
10,"Trio",3,9,0.0034392564106556227
10,"Single",1,0,0.012936524000062278
10,"FullHouse",5,9,0.0031387690918432483
9,"Straight",5,6,0.006377619578050313
9,"Single",1,2,0.03480908843224729
9,"Pair",2,12,0.014680942946159991
1,"Single",1,1.5,0.037256544052910734
12,"Single",1,0,0.012797948651964727
12,"PairSteps",2,10,0.004326487847692923
12,"Single",1,15,0.011678989766236393
12,"Pair",2,10,0.012912065608825454
12,"PairSteps",2,14,0.004330317275775497
3,"Single",1,15,0.042372737604532425
3,"Pair",2,5,0.009261615184977864
3,"Single",1,5,0.032865163774532254
8,"PairSteps",2,13,0.0021162000513494975
8,"Single",1,1,0.01238609959084892
8,"Pair",2,8,0.012444028689922696
10,"Trio",3,11,0.003062479565305392
10,"StraightBomb",5,14,0.0001977299973532205
10,"FullHouse",5,11,0.002777561537623192
10,"Pair",2,13,0.015418269006212147
8,"FullHouse",5,6,0.001090640445524834
8,"Trio",3,6,0.0015748132859315965
8,"Straight",5,6,0.0032762123809503374
14,"Straight",7,8,0.005049768547965561
14,"Straight",8,8,0.0011076684788578046
14,"Straight",7,9,0.005225588941435055
14,"Straight",8,11,0.003421258009394601
14,"Straight",9,9,0.0006809420415312591
14,"Straight",6,8,0.00769286618061636
14,"Straight",9,10,0.0020070415033346923
14,"Straight",8,10,0.0033714077566579562
14,"Straight",8,9,0.0032874276628360576
14,"Straight",10,10,0.00038452954289386717
13,"Straight",7,8,0.004436979729557726
13,"Straight",5,6,0.008723533754371024
13,"Straight",6,7,0.006376314199955104
13,"Straight",5,8,0.010918591922833927
13,"Straight",6,8,0.007377223696908405
13,"Straight",7,9,0.005198943780128533
13,"Straight",5,7,0.010160099234680298
13,"Straight",6,9,0.007956362660174448
13,"Straight",8,9,0.002981321755953965
10,"PairSteps",2,10,0.004091609709009948
3,"Pair",2,8,0.011297135005852119
3,"Single",1,6,0.03195766118772581
3,"Single",1,8,0.036461248791410106
14,"PairSteps",2,4,0.00529964035421397
1,"Single",1,12,0.0727093130623376
6,"Pair",2,5,0.012560261009300891
6,"Trio",3,5,0.003343775869625205
6,"Single",1,5,0.03752495657960946
13,"FullHouse",5,5,0.0030304993901973352
13,"PairSteps",2,5,0.004580462709467794
13,"Trio",3,5,0.003110919286195317
13,"Single",1,0,0.012131833087638015
11,"Pair",2,5,0.013191148230008333
11,"Trio",3,5,0.003495371209101779
11,"FullHouse",5,5,0.0032474002681256568
4,"Pair",2,13,0.02957023179181919
4,"SquareBomb",4,13,0.0005580542508453858
4,"Single",1,13,0.07534396736711334
4,"Trio",3,13,0.004783322150103306
10,"Trio",3,7,0.003408117828395273
10,"Pair",2,12,0.013741456351492317
10,"FullHouse",5,7,0.003127870588052126
10,"Single",1,4,0.03549019913123355
8,"Pair",2,4,0.011686659357587746
1,"Single",1,2,0.10524168438231442
8,"Trio",3,12,0.001719278446584722
8,"Straight",6,13,0.0014017411627729015
8,"Straight",5,12,0.0035737247910082597
8,"Straight",5,13,0.003450714852234311
7,"Pair",2,8,0.015445147353803425
7,"Single",1,13,0.04904335750655763
7,"Single",1,8,0.04330607416550944
7,"Pair",2,13,0.02004063158977524
7,"Single",1,3,0.036254693205781
7,"Pair",2,3,0.013282415265133981
14,"Straight",10,12,0.0011628967671593981
14,"Straight",9,11,0.0020802655260266927
14,"Straight",9,12,0.002049031550245642
11,"FullHouse",5,14,0.0016984311025761802
11,"Trio",3,14,0.0018762002246458206
11,"Pair",2,10,0.01392147360411609
11,"Pair",2,7,0.013159444182760245
8,"Pair",2,2,0.011941261323887314
5,"Single",1,13,0.05982199203534046
5,"Single",1,3,0.03972319543881792
5,"Pair",2,3,0.015084978129828303
4,"Single",1,14,0.08780717896932695
4,"Single",1,5,0.03319094091932794
5,"SquareBomb",4,13,0.0006571932191587056
5,"Pair",2,13,0.026662024242160468
5,"Single",1,0,0.016586512306051834
5,"Trio",3,13,0.0043479207015864035
9,"Trio",3,12,0.003123013365014466
9,"FullHouse",5,12,0.002724527980160988
13,"Straight",8,11,0.003565667762845777
13,"Straight",7,10,0.005465660125848459
13,"Straight",8,10,0.003418713420518529
13,"PairSteps",2,6,0.004359452635574059
13,"PairSteps",3,7,0.0009708243560044155
13,"Straight",9,11,0.0021227381181050066
10,"Pair",2,4,0.014062183748773919
10,"FullHouse",5,4,0.0033505114512136264
10,"Pair",2,3,0.014487225396627692
10,"PairSteps",2,4,0.004060471126749599
10,"Trio",3,4,0.0037366298712419622
11,"PairSteps",2,10,0.004179272799739121
13,"Pair",2,2,0.01241474912463811
13,"Straight",9,10,0.0018490790475507225
13,"Straight",9,12,0.002130259403342228
14,"FullHouse",5,7,0.0024478335721387972
14,"Trio",3,7,0.002475964835093916
2,"Pair",2,12,0.015287876275963338
2,"Single",1,12,0.06550931956516591
2,"Single",1,5,0.03567960590199654
14,"FullHouse",5,3,0.002812505752946698
14,"Trio",3,3,0.002861942310639885
7,"Pair",2,5,0.012649796842051125
7,"Single",1,14,0.05122409093246927
7,"Trio",3,5,0.003157948876202232
7,"Single",1,5,0.0376202232165818
7,"Single",1,0,0.015301136655865865
8,"Straight",6,12,0.0014475123027818126
8,"Straight",5,11,0.003650963589773297
8,"Straight",6,11,0.0014081777293366547
8,"Straight",7,13,0.0004391168744604906
13,"Trio",3,10,0.002868502477395645
13,"PairSteps",2,10,0.004807836947793023
13,"FullHouse",5,10,0.0028112249975121902
7,"Straight",5,9,0.004592912616365787
7,"Straight",6,9,0.001746129712492928
7,"Single",1,7,0.04137735946098853
7,"Straight",5,8,0.004603199094789899
7,"Single",1,4,0.03623412024893278
13,"FullHouse",5,7,0.0030409134774488727
13,"Trio",3,7,0.0030987695177351906
1,"Single",1,13,0.08101956236981683
4,"Single",1,3,0.040093540522046466
4,"Pair",2,11,0.021345575094836006
4,"Single",1,11,0.05605787819801625
3,"Pair",2,14,0.030914457279527758
9,"Pair",2,9,0.014736545558000011
9,"Pair",2,14,0.013077734304772742
13,"FullHouse",5,2,0.003849740920651598
13,"Trio",3,2,0.003978181330087224
9,"Single",1,1.5,0.012883125163332673
9,"Trio",3,2,0.0041498082636601714
9,"Pair",2,2,0.01386729139290103
9,"SquareBomb",4,2,0.0004633550986668347
9,"FullHouse",5,2,0.0035530068965772886
14,"FullHouse",5,14,0.0022730474162779486
14,"Trio",3,14,0.002319794956188661
6,"Pair",2,9,0.016283863846640805
6,"SquareBomb",4,9,0.00036684143035693994
6,"Single",1,9,0.04406317463924554
6,"Single",1,2,0.03957667148213677
6,"Single",1,15,0.019241319979872416
6,"Trio",3,9,0.003713863684321587
14,"PairSteps",2,3,0.005524069915289734
2,"Single",1,4,0.041695284560547566
10,"Pair",2,2,0.014152485637328932
10,"Pair",2,8,0.01394385713618459
5,"Pair",2,4,0.013687898504994233
5,"Single",1,14,0.06376950362326725
5,"PairSteps",2,4,0.0019715796574761167
8,"Pair",2,9,0.01246834460805243
14,"StraightBomb",5,6,0.00017416561329566227
6,"Single",1,1.5,0.018144042073141037
6,"Single",1,6,0.03841446588861655
6,"Trio",3,10,0.003924878666385313
12,"FullHouse",5,4,0.003351515457869398
12,"Trio",3,12,0.0031692346811388415
12,"FullHouse",5,12,0.0030252481852340316
12,"Trio",3,4,0.003523073835968746
14,"PairSteps",3,6,0.0012061278992007206
7,"Pair",2,11,0.01794476161086252
7,"Single",1,11,0.04705806717070411
12,"PairSteps",2,11,0.004161056554525695
12,"PairSteps",2,12,0.004254494599740518
12,"PairSteps",3,12,0.0009236580535170233
12,"PairSteps",2,3,0.005575647288228798
4,"Single",1,15,0.03208147592062342
6,"Pair",2,14,0.01603064586816433
3,"Pair",2,13,0.0326361677946839
13,"Pair",2,13,0.014277713621857549
11,"PairSteps",2,11,0.0038928040871046054
11,"PairSteps",2,12,0.0038611000398565166
11,"Pair",2,11,0.013616888293054095
5,"Pair",2,14,0.020729876177833874
4,"Pair",2,5,0.01203802741109332
4,"Single",1,9,0.041369093095407344
11,"StraightBomb",5,9,0.00029326243704482044
11,"StraightBomb",6,9,7.699554331678684e-05
11,"FullHouse",5,7,0.0032768397405703105
11,"Trio",3,7,0.003456873437443386
11,"StraightBomb",5,8,0.0002615583897967318
14,"StraightBomb",5,14,0.0001416905523842383
2,"Single",1,14,0.12952656135281718
9,"PairSteps",2,12,0.003554860316971956
9,"Straight",6,13,0.0036679189610466637
9,"Pair",2,11,0.014936714960624084
9,"Straight",5,13,0.006105166780034214
4,"Single",1,6,0.031755944274296954
4,"Single",1,8,0.0371770427110807
1,"Single",1,3,0.07865747600334987
2,"Single",1,1.5,0.03772825237429837
14,"StraightBomb",5,9,0.00016568486490478083
14,"StraightBomb",6,9,3.785309647637315e-05
14,"StraightBomb",5,8,0.00015596303138352654
5,"Single",1,8,0.039422888603573215
11,"Pair",2,4,0.013769747092285952
11,"Trio",3,11,0.0030503822602268196
11,"FullHouse",5,4,0.003418375665784992
11,"PairSteps",2,4,0.004525752744664662
11,"FullHouse",5,11,0.002873745425558897
11,"Trio",3,4,0.0037161672524366825
5,"Pair",2,5,0.012926250734446065
5,"Single",1,5,0.037124888473005026
10,"FullHouse",5,14,0.0016285478522162886
10,"Pair",2,14,0.011837332046271933
10,"Trio",3,14,0.0018760995811860687
1,"Single",1,6,0.05248126436041143
13,"FullHouse",5,6,0.0029107373868046574
13,"Trio",3,6,0.0029738004707167438
13,"Trio",3,9,0.0030333921922116513
13,"FullHouse",5,9,0.0029761147123281966
7,"Single",1,12,0.04647945275934784
7,"Straight",5,6,0.00457748289872962
7,"Pair",2,12,0.018204495191071337
12,"Straight",7,8,0.004314233677828684
12,"Straight",5,6,0.008853637726912762
12,"Straight",6,7,0.0063545529602244966
12,"Straight",8,9,0.0027916530721969735
13,"SquareBomb",4,13,0.0003274651880205597
13,"FullHouse",5,13,0.0033724285882894747
13,"Trio",3,13,0.003480040823222026
12,"Trio",3,9,0.0031255792009974893
12,"FullHouse",5,9,0.0030122281297532776
4,"Single",1,7,0.033881865229898424
12,"Trio",3,10,0.00298159270509268
12,"FullHouse",5,10,0.0028552215783677138
9,"SquareBomb",4,13,0.0003299088302507863
9,"PairSteps",2,13,0.00356598083933996
9,"FullHouse",5,13,0.0028598276689717037
9,"Trio",3,13,0.0032787006781665223
8,"PairSteps",2,4,0.0019281092728753789
7,"Pair",2,14,0.015249704263745306
2,"Single",1,0,0.0329204462023068
14,"PairSteps",3,7,0.0011314559438566183
12,"PairSteps",3,13,0.0009772700466730694
8,"PairSteps",2,8,0.0019946204607008276
8,"PairSteps",2,3,0.002113339355098941
4,"Trio",3,5,0.0026108966735980546
10,"PairSteps",2,11,0.003921904435691043
10,"Trio",3,10,0.003336499089196469
10,"FullHouse",5,10,0.0030002024007846923
10,"Pair",2,6,0.013179404941693005
14,"PairSteps",3,5,0.0012487384886768565
12,"Single",1,1,0.001979814318691132
12,"PairSteps",2,4,0.004941493997754423
13,"StraightBomb",5,6,0.00026093074169129403
1,"Single",1,9,0.05218063518649745
9,"PairSteps",2,11,0.003806925490646714
9,"Trio",3,10,0.003512231647894607
9,"Straight",5,14,0.004327736621548236
9,"FullHouse",5,10,0.003085944957121119
13,"PairSteps",3,6,0.0010211591110535123
9,"Straight",5,9,0.008594310370072451
9,"Straight",6,9,0.004822599866924415
9,"Straight",5,8,0.008232893393112319
10,"Straight",5,6,0.00751373989942238
11,"PairSteps",2,5,0.0042053154099786225
11,"PairSteps",3,6,0.0008401572520743506
11,"PairSteps",2,6,0.003896200949309758
8,"Straight",5,14,0.0027684387964764805
2,"Single",1,3,0.045046538616393905
2,"Single",1,13,0.084006347251498
1,"Single",1,5,0.056045867422534305
7,"Single",1,1.5,0.016291210204186595
7,"Single",1,10,0.04789384354266317
7,"Straight",5,11,0.004713778737849097
5,"Pair",2,8,0.015546319065131766
7,"Straight",5,7,0.00500180013372422
8,"Straight",5,5,0.0005585509429212429
5,"Pair",2,11,0.02144364894566187
9,"Straight",7,13,0.0018867819617713508
10,"Straight",7,8,0.003149667595634371
10,"Straight",6,7,0.005058462688193806
10,"Straight",5,8,0.010000155692911301
10,"Straight",6,8,0.006025315667377664
10,"Straight",7,9,0.0036727957776082456
10,"Straight",5,7,0.009051985863083653
10,"Straight",6,9,0.006489280543056875
10,"Straight",8,9,0.00175154525214467
5,"Trio",3,11,0.003677670663504015
5,"FullHouse",5,11,0.0012142841599025091
9,"Straight",7,8,0.0022092771104434677
9,"Straight",6,7,0.004034896199190796
9,"Straight",6,8,0.004598335999169667
9,"Straight",7,9,0.0024075930926728733
9,"Straight",5,7,0.007532300483928065
9,"Straight",8,9,0.000984166229568357
7,"PairSteps",2,8,0.002934217970477807
7,"Pair",2,7,0.014226199660546212
14,"PairSteps",3,14,0.0013352007527595011
4,"Pair",2,4,0.013001335344100237
4,"Single",1,4,0.035801837592925996
4,"PairSteps",2,4,0.0018336068242062675
4,"Pair",2,3,0.014516054024966285
5,"Pair",2,10,0.020751637542706678
5,"Trio",3,10,0.003917045677104868
5,"Single",1,10,0.04740060496594346
2,"Single",1,2,0.06170807379864055
7,"Straight",5,10,0.004538908604639202
12,"FullHouse",5,14,0.0019583695214287137
12,"Trio",3,14,0.0021000583604839783
12,"SquareBomb",4,14,0.000152411237686474
14,"SquareBomb",4,14,0.0001499644532533909
13,"Trio",3,8,0.0030443848398660515
13,"FullHouse",5,8,0.0029865287995797336
4,"Single",1,1.5,0.022933372308550852
6,"Single",1,7,0.04016426704757576
6,"Single",1,11,0.05049101563134059
8,"PairSteps",2,5,0.0018658891294257654
3,"Single",1,1.5,0.028200430851695418
3,"Pair",2,6,0.00879514189269418
10,"PairSteps",2,8,0.004058914197636582
9,"PairSteps",2,4,0.0034807235011852624
7,"Trio",3,12,0.0036465566013475286
7,"Straight",5,12,0.005107236537571363
5,"Trio",3,5,0.003629795660783844
5,"FullHouse",5,2,0.0028463865253628706
5,"Trio",3,2,0.005801579875089766
5,"Pair",2,2,0.01673448958718691
11,"Pair",2,9,0.013305509257581796
11,"Trio",3,9,0.0033560998586905323
11,"FullHouse",5,9,0.0031466266893728032
7,"SquareBomb",4,13,0.0003908861801162372
7,"PairSteps",2,13,0.0038342848325875634
7,"FullHouse",5,13,0.00324538394280718
7,"Trio",3,13,0.004083731934372267
6,"Straight",5,10,0.0027237164607917933
14,"SquareBomb",4,2,0.00033074918724437525
12,"Trio",3,8,0.0031937430208673193
12,"Straight",7,10,0.005248614129976916
12,"FullHouse",5,8,0.003079626064006593
6,"PairSteps",2,8,0.002308179265343224
6,"PairSteps",3,8,0.00012011622055935202
6,"PairSteps",2,7,0.0019640625253623777
6,"Pair",2,6,0.012560261009300891
7,"PairSteps",2,11,0.003723705189528365
7,"Trio",3,10,0.003548835056318469
7,"Pair",2,10,0.018132489842102556
12,"SquareBomb",4,13,0.0003392873281161205
12,"FullHouse",5,13,0.003368364941432727
12,"Trio",3,13,0.003557538688711918
4,"Pair",2,6,0.011519834178165463
1,"Single",1,8,0.0521376881616526
8,"Straight",5,9,0.0035794461835093735
8,"Straight",6,10,0.0014253419068399962
8,"Straight",7,10,0.00045914174821438914
8,"Straight",5,8,0.003495055644117944
8,"Straight",7,11,0.000452705181650636
8,"Straight",6,9,0.0014518033471576479
11,"PairSteps",2,3,0.005292311315627378
3,"Single",1,3,0.03976896850033077
3,"Single",1,11,0.05700303631706614
14,"Trio",3,8,0.0024372843485306276
14,"FullHouse",5,8,0.002407705152923407
14,"PairSteps",3,9,0.0012462563184161106
13,"Trio",3,11,0.002954129417019396
13,"StraightBomb",5,14,0.0001967105369734811
13,"FullHouse",5,11,0.002896273376733078
1,"Single",1,7,0.04975412828276321
2,"Single",1,7,0.03422305378585131
13,"SquareBomb",4,2,0.0004587983994705015
7,"Pair",2,4,0.012750090006686211
7,"PairSteps",2,4,0.002602479041300211
8,"Trio",3,13,0.0017421640165891776
13,"PairSteps",4,13,0.00022621711751950326
13,"PairSteps",3,13,0.0012444834265586996
13,"PairSteps",3,11,0.0011513352016977276
13,"StraightBomb",5,9,0.0002568808188712518
13,"StraightBomb",6,9,6.653444632926567e-05
13,"StraightBomb",5,8,0.0002429953692025355
7,"FullHouse",5,12,0.0028210667078125804
13,"Single",1,1,0.0016928677387776639
13,"FullHouse",5,4,0.0032468809808681646
13,"Trio",3,4,0.0033336650412976415
2,"Pair",2,13,0.01603391516472065
12,"FullHouse",5,6,0.0030083987016707027
12,"Trio",3,6,0.003134769828395669
12,"Straight",8,11,0.003245057357173821
12,"Straight",9,10,0.0016420587618080414
12,"Straight",8,10,0.0031631075962067217
14,"PairSteps",3,4,0.0013742949343662472
7,"Straight",6,14,0.0019287147045209073
7,"Straight",5,14,0.0038137118757393404
7,"PairSteps",2,14,0.0032556704212312916
7,"Straight",5,13,0.005359255258962094
13,"Trio",3,12,0.003161254041244414
13,"FullHouse",5,12,0.0030877768700807904
9,"Trio",3,11,0.0031489612505398086
9,"FullHouse",5,11,0.0027690100696330044
1,"Single",1,15,0.027228413751637356
7,"Single",1,1,0.0024173224296662036
8,"PairSteps",3,14,0.0001795086897224481
8,"PairSteps",2,14,0.002041821948835017
7,"PairSteps",2,6,0.00220387800236589
7,"Pair",2,6,0.01293267499871419
4,"Single",1,2,0.0460726932096756
4,"Pair",2,14,0.0233652000026574
9,"Single",1,1,0.002516944895958246
9,"Straight",8,8,0.00011305864407470767
9,"Straight",6,6,0.00037995118090680446
9,"Straight",5,5,0.0005727069019522077
9,"Straight",7,7,0.00021685018617607864
14,"PairSteps",4,14,0.00024118421033579834
2,"Pair",2,14,0.01036165123274045
14,"Straight",10,13,0.001103945223466686
14,"Straight",11,12,0.0005909633695792246
14,"Straight",12,13,0.00023746095494467967
14,"Straight",11,13,0.0005655211244065803
14,"Straight",10,11,0.001168688497767805
4,"Trio",3,9,0.002723836224364383
4,"Pair",2,9,0.015326561389289345
14,"PairSteps",4,5,0.00025649092694373065
12,"Straight",6,6,0.0005361199315604613
12,"Straight",5,5,0.0007390796199369217
12,"Straight",7,7,0.000359966239762024
4,"PairSteps",2,6,0.0011825435315533175
2,"Pair",2,6,0.010018236506169623
14,"StraightBomb",5,7,0.00014768913051437394
14,"StraightBomb",7,9,5.998578130135636e-06
14,"StraightBomb",6,8,3.040658569413581e-05
9,"Straight",6,14,0.0028913358156810484
9,"PairSteps",3,14,0.000448527735509496
9,"PairSteps",2,14,0.0033435703919798792
12,"Straight",8,8,0.00022899979933796848
11,"FullHouse",5,8,0.003182859886227762
11,"Trio",3,8,0.0033651581579042717
11,"PairSteps",3,12,0.0007427805355266496
5,"PairSteps",2,14,0.0032337388200987965
5,"SquareBomb",4,3,0.0008095227732683394
5,"Trio",3,3,0.004761386634169695
1,"Single",1,11,0.0665678885095235
2,"Single",1,11,0.056592378561447554
10,"PairSteps",2,3,0.004692584346634698
10,"PairSteps",2,6,0.0036089616839745284
5,"Pair",2,12,0.023123626313842405
12,"StraightBomb",5,13,0.00021215031577463968
11,"Trio",3,12,0.00310812891771441
11,"FullHouse",5,12,0.002890729736584659
13,"PairSteps",4,14,0.00024415249000826186
13,"PairSteps",3,14,0.0013567241447141564
11,"PairSteps",2,14,0.0034817837602811696
13,"StraightBomb",5,13,0.00020596750341929197
14,"StraightBomb",5,13,0.00014086316229732304
3,"Single",1,0,0.026843417637779247
1,"Single",1,0,0.04917434344735768
5,"Straight",5,11,0.000983613692250778
12,"PairSteps",3,4,0.0013334068583525187
3,"Single",1,9,0.0394381965294387
11,"Single",1,1,0.002184182397912968
11,"Straight",8,8,0.0002049440197108591
11,"Straight",6,6,0.0005333073662089206
11,"Straight",5,5,0.0007654262835609986
11,"Straight",7,7,0.00033289249610493133
6,"Single",1,1,0.002743194766828445
6,"Straight",5,8,0.0032561234924602723
13,"Straight",10,13,0.0011391854332376008
13,"Straight",11,12,0.0005259114062026303
13,"Straight",10,12,0.0011756347386179813
13,"Straight",12,13,0.00019728909737634428
13,"Straight",11,13,0.0005583107887629685
13,"Straight",10,11,0.0010622368996567979
13,"PairSteps",3,4,0.001397223372914579
3,"Pair",2,12,0.022212610045290317
3,"Single",1,12,0.0666547928010449
12,"Straight",10,13,0.0008654507466618875
12,"Straight",11,12,0.0003722204096262631
12,"Straight",10,12,0.000928253367216113
12,"Straight",12,13,9.803335891391293e-05
12,"Straight",11,13,0.0003561368116794493
12,"Straight",10,11,0.0008516648055646185
12,"Straight",9,12,0.0018051923981257246
12,"Straight",9,11,0.001830466623470718
10,"Trio",3,12,0.0030360117703840945
10,"FullHouse",5,12,0.002751093742701895
11,"PairSteps",3,4,0.0011922986340084786
14,"SquareBomb",4,3,0.0002875180552030529
8,"Straight",7,12,0.0004391168744604906
14,"Straight",13,14,9.390877486488203e-05
14,"Straight",12,14,0.0002705565584212901
14,"Straight",11,14,0.000603787915926411
8,"Straight",6,14,0.0012551304799318583
8,"PairSteps",2,12,0.002214894071993712
9,"Straight",7,14,0.0015160978828378832
8,"Trio",3,11,0.001716417750334165
8,"FullHouse",5,11,0.0012386814764911557
6,"PairSteps",2,6,0.001694612625188696
11,"PairSteps",4,14,7.020181890648212e-05
11,"PairSteps",3,14,0.0005502916772346825
11,"PairSteps",3,13,0.0007744845827747382
10,"Single",1,1,0.002439707920098398
10,"Straight",6,6,0.00049510345793956
10,"Straight",5,5,0.0007255289666661477
10,"Straight",7,7,0.00029270267324728707
6,"Straight",5,6,0.0036034866167805606
6,"Straight",6,7,0.0013082928887951045
6,"Straight",5,7,0.0037982696771470775
6,"Single",1,0,0.01569626828120181
8,"Straight",7,8,0.000525652936039838
8,"Straight",6,7,0.0014231963846520785
8,"Straight",6,8,0.001482555831851135
8,"Straight",8,8,1.9309699691259356e-05
8,"Straight",5,7,0.003560851657880753
8,"Straight",6,6,0.00022456465566871993
8,"Straight",7,7,7.223258032656277e-05
4,"Single",1,0,0.021199418029138405
10,"FullHouse",5,6,0.002925469803359853
10,"Trio",3,6,0.003258652633545595
5,"PairSteps",2,6,0.0014362500816051183
8,"PairSteps",2,6,0.001795086897224481
10,"PairSteps",2,12,0.0037117190054336826
9,"FullHouse",5,6,0.0028950426564703833
9,"Trio",3,6,0.003339863551190545
6,"Trio",3,11,0.004187835797880111
6,"FullHouse",5,11,0.002869803756066681
6,"Pair",2,11,0.0198126836236142
6,"Straight",6,14,0.0006200594088334117
6,"Straight",5,14,0.002856818218708913
6,"Straight",5,13,0.0037593130650737743
10,"Straight",8,8,0.00017281913154494077
13,"Straight",8,8,0.00019786765777920747
13,"Straight",6,6,0.0004524342350390065
13,"Straight",5,5,0.0006184810706607391
13,"Straight",7,7,0.0003135797383518434
3,"Pair",2,2,0.013315692161552423
7,"FullHouse",5,6,0.0023221725042431723
7,"Trio",3,6,0.002972792264568225
12,"StraightBomb",5,12,0.00020678911645903507
6,"FullHouse",5,10,0.002662035158342396
6,"Pair",2,7,0.014189945947700748
6,"PairSteps",2,12,0.003532066161312838
5,"PairSteps",2,10,0.0024982046873979935
9,"FullHouse",5,4,0.0030933586386997884
9,"Trio",3,4,0.0034881371827639317
9,"FullHouse",5,14,0.0016069154821765827
9,"Trio",3,14,0.0019442379940060384
9,"FullHouse",5,3,0.0034751632400012605
9,"Trio",3,3,0.003984853848534779
6,"FullHouse",5,2,0.002743194766828445
6,"Trio",3,2,0.004320937555797231
6,"Pair",2,2,0.014287337477884007
8,"FullHouse",5,8,0.0012508394355560228
8,"Trio",3,8,0.0017593281940925193
4,"PairSteps",2,12,0.0013884921241272099
10,"PairSteps",2,14,0.003141882950069283
6,"FullHouse",5,6,0.001931598681967958
6,"Trio",3,6,0.0029282386741766356
14,"StraightBomb",5,12,0.00014417272264498408
14,"PairSteps",4,10,0.00024304583803135766
7,"PairSteps",2,5,0.002286169829758782
7,"FullHouse",5,14,0.0017204135164326493
7,"Pair",2,2,0.013845599958854087
7,"Trio",3,14,0.002291313068970838
5,"FullHouse",5,14,0.0007224773137771201
5,"Trio",3,14,0.002567841054990969
13,"PairSteps",3,10,0.0012369621413214783
13,"PairSteps",3,9,0.0012219195708470356
13,"PairSteps",4,10,0.0002661377853170627
7,"FullHouse",5,3,0.0030113665586586433
7,"Trio",3,3,0.003703132232680142
6,"Straight",5,11,0.0028438326813511453
6,"PairSteps",2,10,0.00278539776324119
2,"Pair",2,2,0.01676811216635483
5,"PairSteps",2,13,0.003686375209453137
12,"PairSteps",3,10,0.0010377750103777502
12,"PairSteps",3,9,0.0010538586083245639
12,"PairSteps",4,10,0.00020755500207555002
4,"Trio",3,14,0.0031689509244434404
5,"PairSteps",2,3,0.0032380910930733574
12,"FullHouse",5,3,0.0037918996873654914
12,"Trio",3,3,0.004006347659989676
8,"PairSteps",2,10,0.0021605408432331303
8,"Trio",3,9,0.0017064053134572157
8,"FullHouse",5,9,0.001230099387739485
8,"FullHouse",5,7,0.0011578668074129221
8,"Trio",3,7,0.0016577734771977479
11,"Trio",3,10,0.003245135693322222
11,"FullHouse",5,10,0.0030367948114062102
1,"Single",1,4,0.06865081921449892
3,"Trio",3,9,0.0014079012094380268
3,"Pair",2,9,0.012204637592658558
7,"FullHouse",5,8,0.002849354523478887
7,"Trio",3,8,0.003553978295530525
8,"FullHouse",5,12,0.001208644165860308
3,"Single",1,4,0.03616440215086594
3,"Pair",2,11,0.018565637032890606
8,"PairSteps",2,7,0.0019109450953720371
9,"PairSteps",2,3,0.004046016721558801
8,"FullHouse",5,4,0.0011993469030459978
8,"Trio",3,4,0.0016792286990769249
11,"PairSteps",3,10,0.0009635765788615529
11,"PairSteps",3,9,0.0009828254646907497
11,"PairSteps",4,10,0.00017890140947135765
4,"PairSteps",2,3,0.002836775775130711
6,"FullHouse",5,8,0.0024412810232603437
6,"Trio",3,8,0.0036034866167805606
4,"Pair",2,8,0.01394471276814839
5,"Straight",5,13,0.0009618523273779732
10,"PairSteps",2,5,0.003934359868595183
8,"PairSteps",2,9,0.0020604164744636375
10,"Trio",3,2,0.004346946083544816
10,"FullHouse",5,2,0.003825374830683959
13,"FullHouse",5,3,0.0036368306923979478
13,"Trio",3,3,0.003751385652164857
13,"StraightBomb",5,12,0.00020423182221070244
4,"Trio",3,2,0.003906379755917701
4,"Pair",2,2,0.016063990220763606
6,"Pair",2,13,0.022396805557809988
6,"PairSteps",2,13,0.003820994367523171
7,"PairSteps",2,12,0.0038111402561333127
6,"Straight",6,13,0.0005973347184573182
6,"Straight",5,12,0.0031684711152953396
3,"Pair",2,4,0.00950757383000017
3,"Trio",3,4,0.0018828558343086865
9,"Straight",7,11,0.002181475804523458
9,"Straight",6,10,0.004818893026135081
7,"PairSteps",2,10,0.0035514066759244974
5,"PairSteps",2,12,0.003312079733640894
2,"Pair",2,11,0.014470786064467233
14,"SquareBomb",4,7,0.0002078817593374591
2,"Pair",2,3,0.011001113137389574
11,"FullHouse",5,3,0.003933566433566434
11,"Trio",3,3,0.004281178665893692
7,"Trio",3,2,0.003975723910919097
7,"FullHouse",5,2,0.003101373244869619
9,"Straight",8,11,0.0007728763045762802
9,"Straight",7,10,0.0022945344485981655
7,"Straight",6,13,0.0019724322378233813
11,"Trio",3,6,0.003288162614587485
11,"FullHouse",5,6,0.0030696311460560164
10,"FullHouse",5,8,0.0032633234208846473
10,"Trio",3,8,0.003538899873888742
8,"PairSteps",3,10,0.00022098878535552376
3,"Trio",3,7,0.0014333452071989552
10,"PairSteps",3,11,0.0007395413286833051
8,"Trio",3,3,0.0018229786856674111
8,"FullHouse",5,13,0.0012494090874307444
5,"Straight",5,9,0.001344852349139338
5,"Straight",5,8,0.001706091006027898
9,"StraightBomb",5,14,0.00018534203946673388
9,"FullHouse",5,7,0.0029895670965984175
9,"Trio",3,7,0.003423267468950575
13,"SquareBomb",4,5,0.0003193653423804752
14,"SquareBomb",4,6,0.00020271057129423874
10,"PairSteps",2,13,0.0036058478257484936
10,"PairSteps",2,9,0.004100951283688053
12,"PairSteps",3,7,0.0008784708021426416
5,"Trio",3,4,0.003938807041977673
5,"FullHouse",5,4,0.0017496137357735078
5,"FullHouse",5,6,0.001349204622113899
5,"Trio",3,6,0.0030117728983961875
10,"FullHouse",5,13,0.003034454841271077
10,"Trio",3,13,0.0033738653879088884
12,"PairSteps",3,11,0.0009397416514638372
10,"PairSteps",2,7,0.0038471718382662038
10,"PairSteps",3,8,0.0007831353438477947
2,"Pair",2,4,0.01091821992752765
11,"StraightBomb",5,14,0.00019588572049711946
12,"SquareBomb",4,6,0.00029027064865916406
7,"Straight",7,14,0.000249447101784704
13,"PairSteps",4,12,0.00023720976517390367
11,"PairSteps",3,11,0.0008107177796296967
10,"Straight",8,11,0.0016098647028600789
10,"Straight",7,10,0.0036759096358342804
10,"Straight",10,11,0.000147908265736661
10,"Straight",9,10,0.0007395413286833051
10,"Straight",8,10,0.001848074857151754
10,"Straight",9,11,0.0006383409363371685
7,"Trio",3,11,0.003615697166075194
7,"FullHouse",5,11,0.002857069382296971
11,"SquareBomb",4,6,0.00032609877169462664
4,"Trio",3,8,0.002557748649708018
7,"Straight",6,10,0.0018387080183099316
7,"PairSteps",2,9,0.0029985084606285036
12,"PairSteps",4,12,0.00016389952193419818
6,"FullHouse",5,5,0.0022529907315727107
8,"StraightBomb",5,14,6.436566563753119e-05
8,"Trio",3,14,0.0012737250055604784
10,"Trio",3,3,0.0042846689190241165
5,"PairSteps",2,11,0.0028463865253628706
11,"Straight",8,11,0.00249442914598355
11,"Straight",10,11,0.0004812221457299177
11,"Straight",9,11,0.0012500452914960688
5,"Trio",3,8,0.0036472047526820883
8,"Straight",7,14,0.00039191538632630103
7,"FullHouse",5,5,0.002468754821786761
9,"PairSteps",2,9,0.0038217528538040525
9,"PairSteps",3,8,0.0006579642401069053
9,"PairSteps",2,7,0.003610462928811976
12,"SquareBomb",4,5,0.000346180298664755
14,"StraightBomb",5,10,0.00016961496781762832
3,"Trio",3,3,0.0024935117805709632
3,"Pair",2,3,0.00998252845487083
6,"Trio",3,14,0.0026847598487184897
14,"PairSteps",4,12,0.00022422271355403552
14,"SquareBomb",4,5,0.00022484325611922196
5,"PairSteps",2,7,0.0016712728222314103
7,"FullHouse",5,4,0.0026127655197243226
7,"Trio",3,4,0.003268528519261431
7,"PairSteps",2,7,0.002522758833513347
7,"FullHouse",5,7,0.0026513398138147404
7,"Trio",3,7,0.003355963585866379
13,"SquareBomb",4,6,0.0002765518725685999
8,"Trio",3,2,0.001810820726602544
8,"FullHouse",5,2,0.001278731223998953
14,"PairSteps",4,8,0.00020912284446783201
14,"PairSteps",4,9,0.0002492512636832221
7,"Straight",7,8,0.0005966157485984673
7,"Straight",6,7,0.0021781618063056113
7,"Straight",6,8,0.002057295684822301
9,"Straight",8,12,0.0007246873743149295
12,"SquareBomb",4,4,0.000360732125378539
7,"Straight",7,9,0.00047574962711515714
8,"StraightBomb",5,6,9.869402064421449e-05
6,"Trio",3,13,0.005015663804437807
11,"SquareBomb",4,4,0.0003589351063444328
14,"SquareBomb",4,4,0.00023890888759678136
7,"Straight",6,12,0.001807848583037597
7,"Straight",7,12,0.00030602273311731727
7,"Straight",6,11,0.001704983798796482
7,"Straight",7,13,0.00029573625469320576
6,"Trio",3,4,0.0033275439479279953
14,"PairSteps",5,14,3.0199738172406996e-05
12,"PairSteps",4,13,0.0001715583780993476
7,"FullHouse",5,10,0.0028133518489944966
5,"SquareBomb",4,4,0.0006963636759297543
8,"PairSteps",3,13,0.00019810321535106823
13,"SquareBomb",4,4,0.0003459791209121815
8,"Straight",7,9,0.0005220770657266419
12,"StraightBomb",5,6,0.00029027064865916406
5,"Trio",3,12,0.003686375209453137
10,"SquareBomb",4,4,0.00035965062510703887
13,"PairSteps",5,14,3.297794296320124e-05
4,"Trio",3,12,0.003986101791752755
9,"StraightBomb",5,6,0.00027059937762143147
10,"FullHouse",5,3,0.0037911223901975744
7,"StraightBomb",5,6,0.000311165972329373
4,"PairSteps",2,5,0.001222404549470845
9,"Straight",8,14,0.0006171889914242238
6,"Trio",3,12,0.004444300160696025
10,"StraightBomb",5,8,0.00028491802768219963
8,"PairSteps",3,11,0.0002081156522280175
8,"PairSteps",3,4,0.00024315918129734005
13,"SquareBomb",4,9,0.00024935953363403046
2,"Pair",2,7,0.009272197617412312
10,"SquareBomb",4,9,0.0002864749567952171
8,"PairSteps",3,8,0.0001659203825323026
6,"FullHouse",5,13,0.0033307903322674372
10,"StraightBomb",5,13,0.00022419779227451773
8,"StraightBomb",5,13,7.580845063975895e-05
14,"PairSteps",4,7,0.00020829545438091673
11,"SquareBomb",4,9,0.0002898655748396681
9,"PairSteps",3,11,0.0006653779216855746
9,"PairSteps",2,10,0.004005241472876119
8,"SquareBomb",4,9,0.00011442785002227767
10,"PairSteps",3,4,0.000993320774105155
4,"Pair",2,7,0.012596081661938707
9,"Straight",8,13,0.0007191271131309274
6,"PairSteps",2,11,0.0031295145032220364
9,"PairSteps",3,4,0.0008229186552322985
4,"SquareBomb",4,9,0.0004318276941065485
7,"StraightBomb",5,13,0.000270020058632927
12,"SquareBomb",4,9,0.00027112350824629044
11,"Straight",9,12,0.0011775788977861517
7,"FullHouse",5,9,0.002679627629481047
10,"PairSteps",3,6,0.0007115166046489903
10,"SquareBomb",4,2,0.0004935465288265425
6,"FullHouse",5,14,0.001639424091418183
6,"PairSteps",2,14,0.0029347314428555195
14,"Straight",11,11,0.00020022840103349295
5,"FullHouse",5,3,0.0023937501360085304
14,"PairSteps",4,11,0.0002380814975098661
8,"FullHouse",5,3,0.0013266478861957817
5,"PairSteps",2,8,0.0019280569277305073
5,"FullHouse",5,7,0.001479772811350728
6,"FullHouse",5,7,0.002269222653269921
6,"Trio",3,7,0.0034736312432028828
7,"PairSteps",2,3,0.003145090778172093
6,"PairSteps",2,3,0.0028730501404061227
5,"SquareBomb",4,2,0.0010053750571235827
8,"FullHouse",5,14,0.0008195894757845638
6,"FullHouse",5,3,0.0024153099485448083
6,"Trio",3,3,0.0037690522180921
9,"Trio",3,9,0.003434387991318579
9,"FullHouse",5,9,0.0030377560268597683
12,"PairSteps",3,5,0.0010921528891503112
12,"PairSteps",4,6,0.00019836437467737067
6,"FullHouse",5,4,0.00218481666044443
4,"Trio",3,7,0.0024647396079004536
14,"StraightBomb",5,11,0.00015327401360105194
6,"Straight",6,8,0.0010193646825847713
12,"SquareBomb",4,2,0.0004825079384044152
9,"PairSteps",3,7,0.0005708534815575403
11,"Straight",11,12,0.00011322874017174535
11,"Straight",10,12,0.00048688358273850504
14,"PairSteps",4,6,0.00022525695116267958
6,"PairSteps",3,14,0.00012336260489879397
11,"PairSteps",3,7,0.0007982626182108047
13,"PairSteps",4,8,0.00018976781213912296
6,"FullHouse",5,12,0.0029282386741766356
5,"Straight",5,7,0.001954170565577873
6,"SquareBomb",4,2,0.0006947262486405766
2,"Single",1,1,0.0034104634914619994
4,"PairSteps",2,13,0.001368561615168446
13,"PairSteps",3,5,0.0011386068728347378
13,"PairSteps",4,6,0.0002082817450307447
10,"Straight",9,12,0.0005682791262513817
7,"PairSteps",3,6,0.00026744843902689914
10,"PairSteps",3,7,0.0006616948730324309
7,"SquareBomb",4,2,0.0005348968780537983
6,"SquareBomb",4,6,0.0004057980424302433
9,"PairSteps",3,10,0.0007413681578669355
1,"Single",1,1,0.008095514183254954
5,"SquareBomb",4,6,0.00047875002720170607
4,"Trio",3,11,0.0034014735289623513
13,"PairSteps",4,11,0.00025109521484262
9,"Trio",3,8,0.003577101361707964
6,"Straight",5,9,0.0029347314428555195
14,"SquareBomb",4,8,0.00019009287246878103
9,"FullHouse",5,8,0.0031786159768544863
13,"SquareBomb",4,8,0.00027192338934569444
12,"PairSteps",4,14,0.00011564872809375666
12,"PairSteps",3,14,0.000817199952821446
8,"Straight",8,9,0.00014088929033992937
14,"Straight",12,12,8.501433143054299e-05
7,"StraightBomb",6,7,4.37175333024739e-05
7,"StraightBomb",5,7,0.00030602273311731727
7,"Straight",6,6,0.00029059301548115
7,"Straight",5,5,0.0005066090623874916
7,"Straight",7,7,0.00011057964305919868
9,"StraightBomb",6,7,5.5602611840020164e-05
9,"StraightBomb",5,7,0.0002817198999894355
4,"Trio",3,10,0.0033018209841685323
12,"PairSteps",4,5,0.00024967871098387196
14,"StraightBomb",6,7,3.2268213389695145e-05
12,"PairSteps",5,13,2.8337767811052954e-05
13,"PairSteps",4,5,0.0002713448289428313
8,"FullHouse",5,5,0.0011564364592876438
13,"PairSteps",5,13,3.644930538038032e-05
2,"Pair",2,5,0.009674821779598797
5,"Straight",5,6,0.0023981024089830914
3,"Trio",3,10,0.0017047478499821892
13,"Straight",11,14,0.0005936029733376223
14,"PairSteps",5,13,3.185451834623752e-05
6,"SquareBomb",4,3,0.0005648708750628987
13,"SquareBomb",4,3,0.0004211919732843948
12,"SquareBomb",4,3,0.00042889594524836904
4,"PairSteps",2,10,0.001288839579333391
4,"PairSteps",2,11,0.0012024740405120811
9,"PairSteps",3,9,0.0007265407947095969
9,"PairSteps",4,10,8.896417894403226e-05
7,"SquareBomb",4,14,0.00016972689399783985
3,"Trio",3,5,0.0017047478499821892
6,"Straight",6,9,0.0008343207752365803
12,"PairSteps",4,7,0.00016543129316722805
11,"PairSteps",4,7,0.0001245516141889199
9,"SquareBomb",4,9,0.0003058143651201109
6,"SquareBomb",4,14,0.00016556560131153928
11,"Straight",10,13,0.0004778252835247654
11,"Straight",10,14,0.0003793162795753469
11,"Straight",11,14,7.586325591506938e-05
6,"StraightBomb",5,14,0.00025321797847647186
13,"PairSteps",4,7,0.0001828250873047648
10,"PairSteps",4,7,9.808653412010151e-05
8,"SquareBomb",4,14,5.64987509484996e-05
6,"SquareBomb",4,7,0.0004577401918613145
5,"Straight",5,10,0.0011359432463604118
9,"StraightBomb",5,8,0.00027615963880543346
8,"SquareBomb",4,7,0.0001208644165860308
5,"SquareBomb",4,7,0.0006049659434639741
3,"Trio",3,13,0.001560565196003596
5,"FullHouse",5,13,0.001344852349139338
8,"StraightBomb",5,8,8.653606157934748e-05
7,"SquareBomb",4,7,0.0003728848428740421
11,"PairSteps",4,9,0.00019362114569368454
10,"PairSteps",3,9,0.0008500832957075464
12,"StraightBomb",5,10,0.00026499642331417086
13,"SquareBomb",4,11,0.0002487809732311673
12,"PairSteps",4,9,0.00022210682878933397
13,"PairSteps",4,9,0.0002649806645113363
13,"StraightBomb",5,10,0.00025167377524548315
14,"PairSteps",5,12,3.061343321586462e-05
11,"PairSteps",4,12,0.00011889017718033262
9,"PairSteps",3,12,0.0006097753098455545
9,"PairSteps",4,12,6.301629341868953e-05
13,"PairSteps",5,12,3.934210739469622e-05
10,"StraightBomb",5,6,0.00030515810615142693
11,"StraightBomb",5,10,0.0002909978622413856
7,"Straight",7,11,0.00035488350563184695
7,"PairSteps",3,11,0.0004217456153885717
10,"PairSteps",3,12,0.0006897195970667455
10,"PairSteps",4,12,9.185881766803158e-05
14,"SquareBomb",4,10,0.00017561354594776397
14,"SquareBomb",4,12,0.0001967119931641031
12,"SquareBomb",4,10,0.0002481469397508421
8,"PairSteps",3,6,0.00015876864190591026
11,"SquareBomb",4,10,0.00027514583861734123
9,"SquareBomb",4,10,0.0003150814670934476
6,"PairSteps",2,9,0.002376353336471505
6,"FullHouse",5,9,0.002476991250994205
6,"Straight",6,11,0.0005518853377051309
6,"Straight",6,10,0.0007206973233561121
13,"SquareBomb",4,12,0.0002852302786115476
8,"Straight",8,14,6.579601376280966e-05
11,"PairSteps",3,5,0.0009703703032718576
11,"SquareBomb",4,11,0.0002479709409761223
6,"SquareBomb",4,11,0.00041229081110912724
6,"PairSteps",2,5,0.0018699173795185611
8,"StraightBomb",5,9,8.653606157934748e-05
14,"PairSteps",5,7,3.0199738172406996e-05
12,"Straight",11,14,0.0003270331582518814
9,"StraightBomb",5,9,0.00027059937762143147
4,"Trio",3,6,0.0022388605063677976
5,"FullHouse",5,8,0.0015494091789437032
10,"PairSteps",3,5,0.0007737937691696897
8,"PairSteps",3,5,0.0001630596862817457
9,"PairSteps",3,5,0.0006134821506348892
10,"StraightBomb",5,9,0.00031917046816858427
7,"StraightBomb",5,9,0.0002803065370570385
5,"SquareBomb",4,11,0.0005745000326420473
5,"PairSteps",2,9,0.0019193523817813854
12,"SquareBomb",4,11,0.00025274225344993175
10,"SquareBomb",4,8,0.00030360117703840945
10,"SquareBomb",4,11,0.0002615640909869374
10,"SquareBomb",4,12,0.0002864749567952171
7,"SquareBomb",4,8,0.00038831456051020933
8,"SquareBomb",4,8,0.00013373754971353702
12,"SquareBomb",4,12,0.00029180241989219395
11,"SquareBomb",4,7,0.0003385539331135186
6,"SquareBomb",4,8,0.00043501550148522083
5,"SquareBomb",4,12,0.0005701477596674864
6,"SquareBomb",4,12,0.00039930527375135944
12,"SquareBomb",4,8,0.00029486596235825375
10,"Straight",10,13,0.0001089850379112239
10,"Straight",10,14,0.00010587117968518893
9,"PairSteps",4,14,3.1508146709344763e-05
9,"PairSteps",3,13,0.0005708534815575403
13,"SquareBomb",4,7,0.0002991157282802639
8,"PairSteps",4,14,2.145522187917706e-06
9,"SquareBomb",4,7,0.0003484430341974597
10,"PairSteps",4,14,5.137866072957698e-05
10,"PairSteps",3,14,0.0004359401516448956
10,"PairSteps",3,13,0.0006725933768235532
6,"Straight",6,6,0.0002369860567792621
6,"Straight",5,5,0.0004999431882740597
10,"SquareBomb",4,7,0.00037521991623721374
11,"SquareBomb",4,12,0.00030571759846371245
11,"SquareBomb",4,8,0.00028873328743795067
5,"SquareBomb",4,8,0.0005919091245402912
12,"SquareBomb",4,7,0.00033469201441703087
4,"SquareBomb",4,7,0.0005181932329278582
9,"SquareBomb",4,8,0.00032620198946145166
6,"SquareBomb",4,10,0.0003343775869625205
10,"SquareBomb",4,10,0.000302044247925392
13,"PairSteps",5,9,2.8928020143158986e-05
13,"Straight",12,14,0.00023200272154813508
13,"StraightBomb",6,13,4.28134698118753e-05
7,"Straight",7,10,0.0003805997016921257
14,"PairSteps",5,9,2.8131262955118846e-05
14,"PairSteps",5,8,2.626963525955951e-05
14,"StraightBomb",6,13,2.9992890650678182e-05
12,"StraightBomb",6,13,4.671902260741163e-05
13,"SquareBomb",4,10,0.00023836688597963005
7,"SquareBomb",4,5,0.00038831456051020933
8,"Straight",8,11,7.509327657711972e-05
14,"Straight",13,13,2.502855012918662e-05
11,"SquareBomb",4,5,0.00036459654335302004
10,"SquareBomb",4,5,0.0003565367668810039
8,"SquareBomb",4,10,0.00011085197970908149
12,"Straight",9,9,0.00014092295343874983
12,"Straight",10,10,7.352501918543469e-05
9,"SquareBomb",4,5,0.00033732251182945564
13,"Straight",11,11,2.9506580546022166e-05
13,"Straight",9,9,0.0001249690470184468
13,"Straight",10,10,7.289861076076064e-05
3,"Trio",3,2,0.003239869048224857
11,"StraightBomb",5,12,0.00021739918112975107
14,"StraightBomb",6,14,3.0199738172406996e-05
14,"StraightBomb",7,14,5.998578130135636e-06
8,"PairSteps",3,12,0.00019810321535106823
5,"FullHouse",5,10,0.0015145909951472156
7,"PairSteps",3,12,0.00043974695263076683
3,"Trio",3,14,0.0010432039081980562
8,"PairSteps",3,9,0.00019524251910051129
13,"StraightBomb",5,7,0.0002308456007424087
6,"StraightBomb",5,7,0.00032463843394419463
13,"PairSteps",5,8,2.5456657725979907e-05
6,"PairSteps",3,12,0.0001331017579171198
12,"StraightBomb",5,7,0.0002450833972847823
11,"StraightBomb",5,7,0.0002706166890104714
8,"StraightBomb",5,7,9.583332439365755e-05
10,"StraightBomb",5,10,0.00029893038969935697
13,"StraightBomb",5,11,0.00021464590946223966
4,"PairSteps",2,8,0.0011493260166220444
5,"Single",1,1,0.002341522860313799
8,"StraightBomb",5,10,0.00010155471689477144
7,"StraightBomb",5,10,0.00032145245075348457
9,"StraightBomb",5,10,0.0003132280466987803
5,"FullHouse",5,12,0.0010880682436402412
10,"SquareBomb",4,13,0.00032072739728160175
10,"PairSteps",4,5,0.00017593298977097572
10,"StraightBomb",5,7,0.0002600071618739199
9,"PairSteps",4,5,0.00011676548486404235
11,"PairSteps",4,5,0.00021513460632631616
9,"Straight",9,10,0.0002335309697280847
9,"Straight",8,10,0.0009508046624643449
11,"SquareBomb",4,3,0.0004302692126526323
9,"SquareBomb",4,3,0.00037068407893346776
10,"PairSteps",3,10,0.0008640956577247037
10,"PairSteps",4,10,0.00012299739992838125
7,"SquareBomb",4,3,0.000498894203569408
4,"PairSteps",2,9,0.0010629604778007347
6,"SquareBomb",4,13,0.00044150827016410475
8,"SquareBomb",4,6,0.00012014924252339155
12,"PairSteps",5,12,2.4508339728478232e-05
12,"PairSteps",4,11,0.000179983119881012
7,"SquareBomb",4,6,0.0003265956899655403
10,"SquareBomb",4,6,0.0003269551137336717
10,"PairSteps",5,12,4.670787339052453e-06
10,"PairSteps",4,11,0.0001089850379112239
9,"SquareBomb",4,6,0.0003354690914347883
11,"PairSteps",5,12,1.245516141889199e-05
11,"PairSteps",4,11,0.0001290807637957897
3,"Single",1,1,0.0032737943785727613
8,"SquareBomb",4,2,0.00016806590472022033
7,"PairSteps",3,7,0.0002828781566630664
6,"StraightBomb",5,9,0.00024023244111870404
12,"PairSteps",4,8,0.0001677289500167729
12,"PairSteps",5,9,2.4508339728478232e-05
11,"Straight",9,9,0.00012568390159063735
5,"Straight",5,5,0.00036123865688856004
8,"SquareBomb",4,11,0.00010226989095741067
4,"SquareBomb",4,2,0.0008437248792543332
6,"SquareBomb",4,4,0.000425276348466895
8,"PairSteps",3,7,0.00014374998659048632
7,"SquareBomb",4,4,0.0003625983644499306
10,"SquareBomb",4,14,0.0001385666910585561
7,"SquareBomb",4,11,0.0003368821683896518
4,"Trio",3,4,0.0026773317034606008
11,"SquareBomb",4,14,0.00012228703938548498
14,"PairSteps",5,10,3.681885886772908e-05
9,"SquareBomb",4,11,0.0002576254348587601
5,"PairSteps",2,5,0.001592931908689313
4,"PairSteps",2,14,0.0014017791300997189
12,"StraightBomb",5,11,0.00021827740070675923
3,"Trio",3,11,0.0014672705375468594
4,"SquareBomb",4,8,0.0004451147000790577
7,"PairSteps",3,13,0.0005117523015995474
11,"PairSteps",4,6,0.00016418167324903075
9,"PairSteps",4,6,5.3749191445352826e-05
7,"PairSteps",3,9,0.0003574551252378748
5,"Straight",5,14,0.0006746023110569495
4,"Single",1,1,0.0028567062840894747
3,"Trio",3,6,0.001280681220633386
6,"Straight",6,12,0.0005843491810995504
8,"SquareBomb",4,3,0.00013445272377617627
10,"SquareBomb",4,3,0.0004172570022886858
13,"StraightBomb",6,8,5.033475504909663e-05
14,"PairSteps",5,6,3.909418160674604e-05
10,"StraightBomb",6,8,4.98217316165595e-05
12,"StraightBomb",6,8,5.361199315604613e-05
9,"SquareBomb",4,14,0.00011305864407470767
7,"SquareBomb",4,10,0.00028802139587512214
5,"SquareBomb",4,5,0.0006528409461841446
8,"SquareBomb",4,5,0.00011800372033547385
8,"SquareBomb",4,4,0.00011228232783435997
10,"StraightBomb",5,11,0.00023198243783960516
5,"FullHouse",5,5,0.0016451591843840445
9,"SquareBomb",4,4,0.00032620198946145166
14,"PairSteps",6,14,2.6890177824745954e-06
7,"SquareBomb",4,12,0.0003471686468137633
4,"SquareBomb",4,12,0.000504906226955349
7,"StraightBomb",5,11,0.00025459034099675976
11,"Straight",10,10,5.5482082684155226e-05
11,"StraightBomb",5,11,0.00023211891735207797
9,"StraightBomb",5,11,0.00023167754933341736
12,"PairSteps",5,6,3.523073835968746e-05
6,"StraightBomb",5,11,0.00026295713149479766
8,"StraightBomb",5,11,8.224501720351208e-05
9,"StraightBomb",6,11,5.3749191445352826e-05
10,"StraightBomb",6,11,5.137866072957698e-05
14,"StraightBomb",6,11,3.681885886772908e-05
11,"StraightBomb",6,11,5.208522047900286e-05
12,"StraightBomb",6,11,5.054845068998635e-05
9,"Straight",9,11,0.0001723680967040625
6,"StraightBomb",5,10,0.0002986673592286591
3,"Trio",3,12,0.0013824572116770987
13,"StraightBomb",6,11,5.149187585482299e-05
7,"PairSteps",3,5,0.00028802139587512214
4,"SquareBomb",4,10,0.00038532317320276634
7,"PairSteps",3,8,0.00028802139587512214
5,"SquareBomb",4,10,0.00047875002720170607
4,"Trio",3,3,0.0030360808647183486
4,"SquareBomb",4,3,0.0006909243105704776
5,"Straight",5,12,0.0009923182381999
5,"FullHouse",5,9,0.0013970796248340695
10,"PairSteps",4,6,0.00010742810879820642
4,"SquareBomb",4,6,0.0004650452090378215
4,"PairSteps",2,7,0.0009566644300206613
7,"StraightBomb",5,14,0.0002057295684822301
10,"Straight",10,12,0.00013233897460648616
13,"StraightBomb",6,7,5.091331545195981e-05
6,"StraightBomb",6,7,3.2463843394419466e-05
6,"StraightBomb",5,6,0.0003408703556414044
8,"Straight",8,10,0.00010012436876949296
12,"StraightBomb",6,7,5.590965000559097e-05
5,"StraightBomb",5,10,0.00019150001088068244
6,"PairSteps",3,4,0.0003148992809258688
14,"StraightBomb",6,10,3.702570638945789e-05
14,"StraightBomb",7,11,7.653358303966156e-06
7,"PairSteps",3,4,0.0004680347682970735
13,"StraightBomb",6,10,5.785604028631797e-05
13,"StraightBomb",7,11,1.0992647654400415e-05
13,"StraightBomb",6,14,4.339203021473848e-05
10,"StraightBomb",6,14,3.736629871241962e-05
12,"StraightBomb",6,14,4.44213657578668e-05
6,"SquareBomb",4,5,0.000486957650916292
8,"SquareBomb",4,13,0.00011156715377172074
3,"Trio",3,8,0.0013909385442640748
14,"Straight",14,14,4.757492999762746e-06
5,"SquareBomb",4,14,0.00029160228929558463
14,"PairSteps",6,9,1.6547801738305202e-06
5,"StraightBomb",5,6,0.00016973864600787762
10,"Straight",9,9,8.874495944199661e-05
10,"Straight",10,10,3.269551137336717e-05
9,"Straight",9,12,0.00012603258683737905
8,"PairSteps",4,5,1.9309699691259356e-05
13,"PairSteps",5,10,4.049922820042258e-05
13,"PairSteps",5,6,4.28134698118753e-05
9,"SquareBomb",4,12,0.00030766778551477824
11,"StraightBomb",5,13,0.00021626689372803362
11,"StraightBomb",6,13,4.86883582738505e-05
9,"StraightBomb",5,13,0.00021128992499207662
9,"StraightBomb",6,13,3.7068407893346776e-05
9,"StraightBomb",5,12,0.00017051467630939518
8,"StraightBomb",6,13,1.1442785002227767e-05
8,"StraightBomb",5,12,7.008705813864507e-05
4,"SquareBomb",4,5,0.0005447672448728766
7,"StraightBomb",5,12,0.0002057295684822301
7,"StraightBomb",6,13,3.343105487836239e-05
14,"PairSteps",6,7,2.0684752172881504e-06
6,"PairSteps",3,7,0.00011362345188046812
8,"SquareBomb",4,12,0.00011514302408491691
9,"StraightBomb",6,10,5.004235065601815e-05
11,"StraightBomb",6,10,6.34080944961774e-05
7,"StraightBomb",6,10,4.37175333024739e-05
12,"StraightBomb",6,10,5.7441421238620856e-05
8,"StraightBomb",6,10,1.573382937806318e-05
10,"StraightBomb",6,10,6.072023540768189e-05
13,"PairSteps",5,11,4.223490940901212e-05
14,"PairSteps",5,11,3.330245099833922e-05
10,"PairSteps",4,13,9.652960500708403e-05
14,"StraightBomb",6,12,2.3580617477084913e-05
9,"PairSteps",4,13,7.59902361813609e-05
11,"PairSteps",4,13,0.00012228703938548498
10,"StraightBomb",6,9,9.497267589406654e-05
7,"StraightBomb",6,8,5.1432392120557526e-05
7,"StraightBomb",5,8,0.00027773491745101064
8,"StraightBomb",6,8,2.0024873753898593e-05
9,"StraightBomb",6,8,6.67231342080242e-05
8,"StraightBomb",6,9,2.0024873753898593e-05
13,"PairSteps",5,7,2.9506580546022166e-05
11,"StraightBomb",6,8,4.415920866698069e-05
4,"SquareBomb",4,11,0.0003786796702165118
12,"PairSteps",5,10,3.063542466059779e-05
4,"SquareBomb",4,4,0.0006311327836941862
7,"PairSteps",3,10,0.0004011726585403487
6,"PairSteps",3,10,0.00012660898923823593
13,"Straight",13,14,5.322755706341253e-05
10,"PairSteps",4,8,0.00010742810879820642
11,"PairSteps",5,13,1.3587448820609442e-05
6,"PairSteps",3,13,0.00015258006395377148
11,"Straight",11,13,0.0001268161889923548
10,"PairSteps",5,13,4.670787339052453e-06
9,"Straight",9,13,0.00013529968881071573
12,"Straight",12,14,6.433439178725536e-05
14,"StraightBomb",7,12,4.964340521491561e-06
6,"StraightBomb",5,13,0.000243478825458146
12,"PairSteps",5,14,9.190627398179337e-06
8,"StraightBomb",6,11,1.573382937806318e-05
12,"StraightBomb",7,12,4.595313699089668e-06
12,"StraightBomb",6,12,3.523073835968746e-05
7,"StraightBomb",6,11,4.6289152908501775e-05
13,"StraightBomb",7,12,6.9427248343581566e-06
13,"StraightBomb",6,12,3.934210739469622e-05
11,"PairSteps",4,8,0.0001505942244284213
10,"StraightBomb",5,12,0.0001883884226751156
9,"Straight",9,14,0.00013529968881071573
8,"Straight",8,13,7.795397282767667e-05
6,"PairSteps",3,11,9.414514584381645e-05
10,"PairSteps",4,9,0.00012922511638045118
14,"StraightBomb",7,8,6.619120695322081e-06
4,"SquareBomb",4,14,0.0002723836224364383
6,"StraightBomb",5,8,0.0002369860567792621
13,"StraightBomb",7,9,1.0414087251537235e-05
12,"StraightBomb",7,9,1.2254169864239116e-05
10,"StraightBomb",7,9,1.4012362017157358e-05
9,"StraightBomb",6,9,7.413681578669355e-05
9,"StraightBomb",7,9,1.668078355200605e-05
8,"Straight",8,12,6.078979532433501e-05
11,"PairSteps",5,6,2.491032283778398e-05
7,"PairSteps",3,14,0.00032402407035951245
11,"StraightBomb",6,12,4.189463386354578e-05
14,"StraightBomb",7,10,6.619120695322081e-06
12,"StraightBomb",7,10,1.302005548075406e-05
13,"StraightBomb",7,10,1.1571208057263595e-05
6,"PairSteps",3,6,0.0001460872952748876
8,"PairSteps",4,12,5.721392501113883e-06
8,"StraightBomb",6,14,5.721392501113883e-06
8,"StraightBomb",7,14,1.4303481252784708e-06
10,"StraightBomb",6,7,5.604944806862943e-05
11,"StraightBomb",6,7,6.114351969274249e-05
12,"StraightBomb",7,14,7.658856165149448e-06
13,"StraightBomb",7,14,8.099845640084516e-06
10,"StraightBomb",6,13,4.203708605147208e-05
10,"StraightBomb",7,14,7.784645565087422e-06
7,"StraightBomb",6,9,6.429049015069691e-05
10,"StraightBomb",7,10,1.5569291130174845e-05
11,"StraightBomb",7,10,1.3587448820609442e-05
11,"StraightBomb",6,14,4.076234646182833e-05
6,"PairSteps",3,9,0.00010388429886214229
9,"PairSteps",4,9,9.267101973336694e-05
5,"StraightBomb",5,7,0.00020020455682980438
9,"PairSteps",4,8,7.784365657602823e-05
14,"PairSteps",6,13,1.8616276955593353e-06
14,"PairSteps",6,11,2.8958653042034107e-06
13,"PairSteps",6,9,2.314241611452719e-06
12,"PairSteps",6,9,2.297656849544834e-06
12,"PairSteps",5,8,2.144479726241845e-05
9,"PairSteps",4,11,6.857655460269153e-05
5,"StraightBomb",5,8,0.00012621591626226796
14,"StraightBomb",8,11,1.2410851303728903e-06
11,"PairSteps",5,10,2.0381173230914165e-05
9,"Straight",9,9,2.7801305920010082e-05
12,"StraightBomb",7,11,1.1488284247724172e-05
11,"StraightBomb",7,11,7.926011812022175e-06
8,"PairSteps",4,11,5.721392501113883e-06
6,"StraightBomb",5,12,0.00020452221338484262
13,"PairSteps",6,11,2.314241611452719e-06
9,"PairSteps",4,7,6.116287302402218e-05
12,"PairSteps",5,7,2.8337767811052954e-05
8,"PairSteps",4,7,5.721392501113883e-06
13,"PairSteps",6,7,2.314241611452719e-06
5,"StraightBomb",5,12,0.00010880682436402411
5,"StraightBomb",5,9,0.00013056818923682894
6,"StraightBomb",6,8,2.5971074715535573e-05
11,"PairSteps",5,9,1.1322874017174535e-05
8,"StraightBomb",7,9,4.291044375835412e-06
11,"StraightBomb",7,9,7.926011812022175e-06
5,"StraightBomb",5,11,0.000121863643287707
11,"PairSteps",5,11,1.8116598427479256e-05
14,"StraightBomb",7,13,3.9301029128474855e-06
13,"StraightBomb",7,13,6.9427248343581566e-06
11,"StraightBomb",7,13,7.926011812022175e-06
12,"StraightBomb",7,13,7.658856165149448e-06
5,"StraightBomb",5,13,0.00011315909733858507
14,"StraightBomb",9,10,6.205425651864451e-07
14,"StraightBomb",8,9,1.2410851303728903e-06
14,"StraightBomb",8,10,8.273900869152601e-07
13,"StraightBomb",7,8,1.3306889265853133e-05
13,"StraightBomb",9,10,1.1571208057263594e-06
13,"StraightBomb",8,9,1.7356812085895391e-06
13,"StraightBomb",8,10,1.1571208057263594e-06
12,"StraightBomb",7,8,1.2254169864239116e-05
12,"StraightBomb",9,10,1.5317712330298895e-06
12,"StraightBomb",8,9,2.297656849544834e-06
12,"StraightBomb",8,10,1.5317712330298895e-06
8,"PairSteps",4,8,8.582088751670825e-06
6,"StraightBomb",6,9,2.2724690376093625e-05
12,"Straight",11,11,2.757188219453801e-05
11,"PairSteps",5,7,1.924888582919671e-05
12,"Straight",12,12,4.595313699089668e-06
13,"Straight",12,12,6.364164431494977e-06
11,"PairSteps",5,8,1.3587448820609442e-05
6,"StraightBomb",6,14,1.947830603665168e-05
8,"PairSteps",4,6,6.436566563753119e-06
6,"PairSteps",3,5,0.00014933367961432955
11,"StraightBomb",7,12,6.793724410304721e-06
7,"StraightBomb",6,14,2.828781566630664e-05
13,"PairSteps",6,13,2.8928020143158988e-06
12,"PairSteps",5,11,2.9869539044082843e-05
7,"StraightBomb",6,12,3.343105487836239e-05
8,"PairSteps",4,10,5.006218438474648e-06
11,"Straight",11,11,1.3587448820609442e-05
10,"PairSteps",5,7,4.670787339052453e-06
10,"StraightBomb",7,11,6.2277164520699375e-06
9,"StraightBomb",7,11,5.5602611840020165e-06
6,"StraightBomb",6,10,1.6231921697209733e-05
8,"PairSteps",4,13,6.436566563753119e-06
9,"StraightBomb",6,14,3.1508146709344763e-05
6,"StraightBomb",6,11,3.2463843394419466e-06
11,"StraightBomb",7,8,1.0190586615457082e-05
5,"StraightBomb",5,14,0.00010880682436402411
9,"StraightBomb",7,8,1.1120522368004033e-05
11,"StraightBomb",7,14,6.793724410304721e-06
10,"StraightBomb",6,12,3.736629871241962e-05
13,"PairSteps",6,14,2.8928020143158988e-06
14,"PairSteps",6,12,1.6547801738305202e-06
8,"StraightBomb",7,10,3.575870313196177e-06
9,"StraightBomb",7,10,9.267101973336694e-06
7,"StraightBomb",7,10,1.0286478424111506e-05
10,"PairSteps",5,6,6.2277164520699375e-06
8,"StraightBomb",6,7,1.2873133127506239e-05
8,"StraightBomb",6,12,1.2157959064867003e-05
10,"PairSteps",5,8,6.2277164520699375e-06
14,"PairSteps",6,8,2.0684752172881504e-06
10,"StraightBomb",7,8,7.784645565087422e-06
8,"PairSteps",4,9,7.86691468903159e-06
10,"PairSteps",5,11,1.4012362017157358e-05
13,"PairSteps",6,8,2.314241611452719e-06
14,"PairSteps",6,10,1.8616276955593353e-06
13,"PairSteps",6,10,1.1571208057263594e-06
9,"StraightBomb",6,12,3.7068407893346776e-05
6,"StraightBomb",6,13,6.492768678883893e-06
13,"PairSteps",6,12,3.4713624171790783e-06
12,"PairSteps",6,12,1.5317712330298895e-06
12,"PairSteps",6,10,7.658856165149447e-07
7,"StraightBomb",7,9,5.143239212055753e-06
8,"StraightBomb",7,11,7.151740626392354e-07
6,"StraightBomb",6,12,1.6231921697209733e-05
7,"StraightBomb",7,8,5.143239212055753e-06
8,"StraightBomb",7,8,2.145522187917706e-06
13,"StraightBomb",8,12,1.1571208057263594e-06
14,"StraightBomb",8,12,6.205425651864451e-07
11,"PairSteps",5,14,3.3968622051523605e-06
10,"PairSteps",5,14,3.1138582260349687e-06
12,"PairSteps",6,7,7.658856165149447e-07
9,"StraightBomb",7,14,5.5602611840020165e-06
12,"StraightBomb",8,11,2.297656849544834e-06
10,"StraightBomb",8,11,1.5569291130174844e-06
13,"StraightBomb",8,11,1.7356812085895391e-06
11,"StraightBomb",8,11,1.1322874017174535e-06
9,"StraightBomb",8,11,1.853420394667339e-06
14,"StraightBomb",8,14,8.273900869152601e-07
13,"StraightBomb",8,14,1.1571208057263594e-06
12,"StraightBomb",8,13,7.658856165149447e-07
12,"StraightBomb",9,13,7.658856165149447e-07
12,"StraightBomb",8,12,7.658856165149447e-07
13,"StraightBomb",8,13,1.1571208057263594e-06
13,"StraightBomb",9,13,5.785604028631797e-07
14,"StraightBomb",8,13,6.205425651864451e-07
14,"StraightBomb",9,13,2.0684752172881503e-07
7,"StraightBomb",7,14,2.5716196060278765e-06
14,"StraightBomb",9,11,4.1369504345763006e-07
14,"StraightBomb",10,11,2.0684752172881503e-07
12,"StraightBomb",9,11,7.658856165149447e-07
12,"StraightBomb",10,11,7.658856165149447e-07
13,"StraightBomb",9,11,5.785604028631797e-07
13,"StraightBomb",10,11,5.785604028631797e-07
10,"StraightBomb",7,13,7.784645565087422e-06
9,"StraightBomb",7,13,3.706840789334678e-06
8,"StraightBomb",7,13,7.151740626392354e-07
9,"StraightBomb",7,12,7.413681578669356e-06
10,"StraightBomb",7,12,4.670787339052453e-06
12,"PairSteps",6,14,1.5317712330298895e-06
14,"StraightBomb",9,14,2.0684752172881503e-07
10,"PairSteps",5,9,1.5569291130174844e-06
12,"StraightBomb",8,14,7.658856165149447e-07
11,"StraightBomb",8,14,1.1322874017174535e-06
12,"PairSteps",6,13,7.658856165149447e-07
7,"StraightBomb",7,11,2.5716196060278765e-06
8,"StraightBomb",8,9,7.151740626392354e-07
10,"StraightBomb",8,9,1.5569291130174844e-06
11,"StraightBomb",8,9,1.1322874017174535e-06
9,"StraightBomb",8,9,1.853420394667339e-06
8,"StraightBomb",7,12,7.151740626392354e-07
10,"StraightBomb",8,13,1.5569291130174844e-06
9,"StraightBomb",8,13,1.853420394667339e-06
11,"StraightBomb",8,13,1.1322874017174535e-06
12,"PairSteps",6,8,7.658856165149447e-07
12,"PairSteps",6,11,7.658856165149447e-07
13,"Straight",13,13,5.785604028631797e-07
